,Alphas A,Alphas B,Alphas C
2019-05-28,100.0,100.0,100.0
2019-05-29,100.56241481566153,101.9916961063048,100.73399345078373
2019-05-30,98.90361483350358,104.52703837518366,100.56891595865469
2019-05-31,101.0464063504369,107.79905265483688,99.1862702956029
2019-06-03,101.64923449330591,107.7507484907506,101.32346680567281
2019-06-04,105.67831687524736,109.42449099086534,100.0948535730889
2019-06-05,106.39155067049167,112.41269251747907,98.03751006490324
2019-06-06,108.99235375912122,112.74363089801301,98.37276787561419
2019-06-07,110.35228368342149,116.4370753483985,97.41046492292294
2019-06-10,111.15432417161891,117.01098136553766,98.72733566632218
2019-06-11,112.3192083877859,115.34971184578674,98.50458988411631
2019-06-12,113.0863205097255,117.41601980921153,97.75973541048103
2019-06-13,112.82874586664033,117.29230776570991,98.4284270071381
2019-06-14,114.06559367492898,119.96375012642721,97.21402202435576
2019-06-17,110.31230190121434,120.32793562501605,96.37940424107346
2019-06-18,111.33513808443314,121.28180978540695,96.99677689029907
2019-06-19,110.7823301893128,121.18407474385958,97.79678755670103
2019-06-20,110.31045286457878,119.95630764568523,98.4151460694069
2019-06-21,109.23440449676407,119.51691461115666,96.55036446247678
2019-06-24,108.90237278116288,120.54757088706579,96.83446008713989
2019-06-25,110.82208868858255,121.64620750387459,96.49205487264885
2019-06-26,107.93972887245981,121.59234815004527,97.75893209401583
2019-06-27,106.47229351311405,120.38722741631076,98.96943574275593
2019-06-28,107.06443191828129,121.00257887365328,97.96490654759076
2019-07-01,107.12052303124462,119.87477215393393,96.23744877915529
2019-07-02,107.90872263457575,120.73250345398108,93.41677611479822
2019-07-03,108.09947391508003,121.52864435229574,91.3706468921276
2019-07-04,108.3638786030219,121.02657828730958,92.470111578837
2019-07-05,105.42711931437773,124.3532793374867,92.57072424240656
2019-07-08,106.37362370561054,123.14958381131747,93.96923769618053
2019-07-09,106.19269495922279,121.16069502774465,94.51534005912485
2019-07-10,106.30066723899094,121.90976747799088,95.18157948048325
2019-07-11,108.54055346493655,120.53093167959199,97.87883064030919
2019-07-12,109.41176754531462,121.25493881263016,99.34782607532394
2019-07-15,111.02909890727484,118.45575641258495,98.29397711227436
2019-07-16,111.13303676760808,114.99325357795934,97.83608799911488
2019-07-17,112.07060940831902,113.71672478299793,95.94816013295282
2019-07-18,111.77064101390677,113.9663875976081,96.57850825255159
2019-07-19,113.18099531755877,112.17892181603062,95.97696841337232
2019-07-22,112.99831212362366,113.83637906547742,97.22000605064974
2019-07-23,113.46888327579185,113.12148398825137,97.41387419268753
2019-07-24,113.05727683387143,114.10731306083649,96.60668615722773
2019-07-25,111.32130776833581,115.75565041269732,95.37748779845447
2019-07-26,111.27492737419163,117.01078239808946,94.26427388954625
2019-07-29,111.64943756052541,118.10227864129922,93.01379466785093
2019-07-30,111.81308685533293,117.25305583675689,92.41408508533443
2019-07-31,110.51890433454061,117.30505392853787,92.05417660403015
2019-08-01,110.85824865683446,115.80242569187959,92.05828797361038
2019-08-02,110.23799501738912,114.66659885418403,93.78831777867134
2019-08-05,111.47610954203603,112.83049195673634,93.05706150214584
2019-08-06,112.37021126243665,113.75845894684703,93.18076560534318
2019-08-07,112.46432745878893,116.09789924822454,93.42052802059943
2019-08-08,111.44617823088467,117.80995500404912,93.56605929946564
2019-08-09,113.74398538669107,118.58046082490469,94.62920774833624
2019-08-12,115.04960747880149,119.36413828592009,95.567586079532
2019-08-13,115.26433946638988,120.86977457779385,94.95538979569217
2019-08-14,113.55946524840175,123.60178492432034,96.2554463592807
2019-08-15,111.28507089340269,123.8807467322671,95.90852459640713
2019-08-16,113.1387252492493,124.78195546516322,94.6473930274346
2019-08-19,113.4687004863916,125.1041542552175,94.4894753579549
2019-08-20,111.97922875934086,125.85198396717362,95.65477544874425
2019-08-21,112.13649906746407,125.54347764012901,97.19224396814786
2019-08-22,113.44543098741549,125.38879444743093,96.83545097115451
2019-08-23,112.64706748298245,126.49425807177927,97.69639580492988
2019-08-26,113.10029799859427,128.07453947061623,98.3970809261733
2019-08-27,112.35938540737051,129.17318919555953,97.96112582257544
2019-08-28,113.86943932456508,128.71096025697287,96.48221409493249
2019-08-29,113.81064247897247,129.1058033968111,96.10780987943343
2019-08-30,112.33664869635979,129.38046442147692,97.28235846954439
2019-09-02,113.68023605985174,130.78449816369397,98.19409370090852
2019-09-03,116.27447276796373,133.1395816665965,99.26629620863743
2019-09-04,117.8184635305622,133.36635518074402,100.39936931807335
2019-09-05,119.2262143310242,136.21065024720087,100.54859389094267
2019-09-06,120.487447663552,136.36046666880378,99.86066011882765
2019-09-09,122.99674091160676,133.77965989763788,97.78734432559254
2019-09-10,123.66259024997645,136.39975092672498,96.0399758200629
2019-09-11,125.7273381915989,136.09367504548362,97.77565638203644
2019-09-12,126.27228242573939,134.7819456169105,97.7496485231301
2019-09-13,126.78523636226598,135.76124646240896,96.85275767626287
2019-09-16,130.57212909877975,130.80700668128404,97.03723339207421
2019-09-17,130.97633085066457,132.45179464543023,96.82030863716275
2019-09-18,128.9020768312262,132.96793545833654,94.76654327628245
2019-09-19,130.28959449600094,130.6550336259467,96.44842383455376
2019-09-20,130.7802150623761,133.45717541599544,97.84790082747449
2019-09-23,130.1429984178025,134.62385191148132,96.58958978563575
2019-09-24,128.9618622147745,132.50938819387713,97.99002611983302
2019-09-25,129.29557010387376,132.8497412828273,97.13972686732723
2019-09-26,132.61570930236928,131.5263678461492,97.54997122927385
2019-09-27,134.1368100714973,130.613426596854,97.15220112303005
2019-09-30,132.07377829262362,130.44211415171307,95.97158089966594
2019-10-01,130.43132343310828,130.24296617756826,96.03030569304524
2019-10-02,128.05636117772056,131.79374208647204,94.97660093172917
2019-10-03,128.3698515648876,132.67172342706277,94.43679533626876
2019-10-04,128.04725831004225,133.5843175683843,93.22261663537881
2019-10-07,127.33980518390757,132.2455094524643,92.25608862303164
2019-10-08,127.51840093415507,129.95406957963743,91.60385994512758
2019-10-09,124.59111469879072,127.59937424054782,91.63087059247503
2019-10-10,124.2281826252348,125.34211790436636,90.37542619073756
2019-10-11,127.99040690401299,124.6868846426073,91.12164305489489
2019-10-14,129.55075959806658,121.26516622988993,91.07670267393186
2019-10-15,128.99767430678966,120.65789864523101,91.73342785450959
2019-10-16,129.02263539076415,120.24115195118024,91.17032992025845
2019-10-17,129.67061148940363,119.1024370492358,91.98693462916906
2019-10-18,131.94312536024998,119.31727345272571,92.54293415457528
2019-10-21,133.01424082082613,119.92888250569266,91.91058653696388
2019-10-22,134.5380782698937,120.8629575354405,90.82826424110968
2019-10-23,136.14722007281168,122.27101529374443,89.17798181145184
2019-10-24,138.2202564489555,121.65473811046012,89.44082716332767
2019-10-25,139.72589511047758,119.55206684160383,90.40912731397975
2019-10-28,139.0273000258126,121.0068093316719,90.98992332988128
2019-10-29,139.8255066929931,117.30182556900145,92.11000518095682
2019-10-30,137.78678177915225,117.22751677854124,92.01789198412398
2019-10-31,136.84471040336103,118.7630511963903,90.7583593926073
2019-11-01,137.58500113711992,122.26891910057,89.72542292818254
2019-11-04,138.99051507129735,123.74724286376191,89.07830688951383
2019-11-05,138.6081214857331,121.99319690351395,88.96471623087717
2019-11-06,137.66791815938248,120.9733025282757,89.61183248216615
2019-11-07,139.0541648756477,120.38879867187653,87.46195351464165
2019-11-08,138.42050931204446,118.8446946743584,89.0294108471598
2019-11-11,137.15870442712975,119.1827741770066,90.15399778613232
2019-11-12,135.8758044644618,118.3744861920837,90.83970708322443
2019-11-13,136.3506803780318,115.63498775651574,91.13503524726954
2019-11-14,135.15467060020384,115.14221317025905,91.74109578827337
2019-11-15,134.90791393990455,114.22504200469075,90.24928744571777
2019-11-18,134.50873948558458,113.62688103193199,91.30609957227144
2019-11-19,134.91694194545678,113.91806589489455,90.8871872360313
2019-11-20,136.22168087144507,115.2416543861818,90.95423964893462
2019-11-21,135.29413122779692,115.00078571648847,91.45262492934377
2019-11-22,135.45280419548993,115.480959351863,91.20837862828974
2019-11-25,138.0713537295019,117.39997054320551,90.99334113666109
2019-11-26,134.91520708927345,117.72098155469057,91.08238868260041
2019-11-27,136.56094209917052,117.94884285929888,92.93828212170973
2019-11-28,137.14023449973243,118.32322170348849,94.88286075157207
2019-11-29,136.1505785867465,118.16344578198625,97.11163268798234
2019-12-02,133.44031376645486,116.8895886502527,96.43068944909027
2019-12-03,134.1447765625419,114.7745942287045,94.23301070466081
2019-12-04,133.29818639196117,115.62589686862728,93.65558714890639
2019-12-05,133.09860665990595,114.33099131964984,92.9799539494575
2019-12-06,135.7418529978954,114.99299030580718,93.02526499193172
2019-12-09,137.57611539311597,114.77218355857879,92.95075210662418
2019-12-10,136.79538569582516,116.3329371874333,95.3412140408173
2019-12-11,137.8243375609533,115.80867846220706,95.72660471831162
2019-12-12,139.8895861037427,115.52994802615761,93.33810113463794
2019-12-13,137.79607527795727,118.05209222615017,94.28041061220623
2019-12-16,140.5322052821236,119.08910818756532,93.49238676623375
2019-12-17,141.05359621298882,120.48776190620384,91.91577660765567
2019-12-18,140.1072156757606,118.14095306329337,90.75233676127519
2019-12-19,140.9516667641669,118.54948475882291,90.32876176868936
2019-12-20,140.9625584575842,121.09384204842881,90.02738905222336
2019-12-23,141.27234312603628,118.51722590067031,90.774900943736
2019-12-24,140.30481482726378,118.19231027247444,90.91680570348143
2019-12-25,140.85996552462015,117.36248924139703,90.44477296739767
2019-12-26,141.47321818718683,117.52370472960281,90.46994626805179
2019-12-27,144.132848037444,118.70438068832314,90.86790635918614
2019-12-30,142.6888262084483,118.34362256872113,89.92549110516575
2019-12-31,142.4919193429896,115.23388711215048,91.63346624766321
2020-01-01,141.66069487565085,116.75975010090531,91.90854394788401
2020-01-02,144.04211472447363,117.21298417712063,92.55007439308395
2020-01-03,142.96811823314232,118.9332000543523,91.14668333105793
2020-01-06,139.99998209509107,118.63294155108007,88.09665580852086
2020-01-07,141.13277102856603,119.31166128277509,87.391234348357
2020-01-08,139.88750776022934,120.24017223440518,90.40300763868335
2020-01-09,139.2511660594665,119.89786871438403,89.88417101114011
2020-01-10,142.26103669268701,120.67593317851657,90.52150874809152
2020-01-13,145.83425766664587,121.18788376600159,90.05925384106365
2020-01-14,145.82761229661145,121.90165108643056,88.23516519087991
2020-01-15,143.57960050172863,120.67301226420915,87.80736877293688
2020-01-16,144.94245482380285,120.77154537576587,86.09601742061335
2020-01-17,144.06595247116746,121.19841347782675,84.10832802192604
2020-01-20,146.6567181437032,121.04493556754485,87.19277771516654
2020-01-21,145.99374026140862,118.06871099595453,88.45851970304489
2020-01-22,147.3534669133332,116.09698775986166,86.31231471786144
2020-01-23,149.4378617821157,115.77533598220846,85.5269514252367
2020-01-24,147.46282699959102,113.99255055978969,87.06589489972282
2020-01-27,148.86375169201443,114.23052632109673,87.23867110081662
2020-01-28,149.2262787557085,114.3378637589263,87.46191462720897
2020-01-29,149.9484725856525,114.23049203161096,85.09656297303174
2020-01-30,145.85355696039443,115.2001716193064,86.71057051235803
2020-01-31,144.67820967178756,116.83892869663465,86.31253844802411
2020-02-03,145.08540438045304,117.20653185869936,86.84403162466194
2020-02-04,143.98683600295,119.59638367757813,87.08125404961928
2020-02-05,147.3785795734355,117.97158102730427,86.98294079067439
2020-02-06,151.26844532282342,117.74110969274057,86.53976698078779
2020-02-07,146.64670535922266,117.24247912132522,87.93018644898324
2020-02-10,145.78199988826606,115.87556554771466,87.04095069476128
2020-02-11,148.17558329691065,120.58337876866148,87.39458287695442
2020-02-12,149.456754095934,119.741085611773,85.16761879858085
2020-02-13,151.8408716134999,119.5271005237069,85.62544717396129
2020-02-14,151.50070879065848,119.99976631196579,85.46542484081435
2020-02-17,151.56409362211272,119.5493140533997,86.77863667105984
2020-02-18,153.83734778329335,121.22156966829097,86.7631521498558
2020-02-19,151.95050854482747,120.61827409227584,86.5152416334173
2020-02-20,151.2771281385162,120.99509699122073,85.77939830798304
2020-02-21,152.54591054595946,122.95680501833219,86.41920290381734
2020-02-24,150.31691102642728,123.63420890048947,85.75407780086616
2020-02-25,151.08124439350348,125.31894590439212,84.23679976992923
2020-02-26,147.98098488849124,128.49216853779143,83.07436462447511
2020-02-27,144.90509815656043,128.59492960525887,83.51872746714048
2020-02-28,146.58941943718665,127.35973185065049,84.92290877623938
2020-03-02,149.55662631015417,128.13386850345623,84.588226596197
2020-03-03,149.9923030821607,129.38978684472707,85.04078879153553
2020-03-04,151.15531281644104,130.05922651735403,84.17540458462038
2020-03-05,152.27054527155786,126.95401764277358,83.8525969772993
2020-03-06,148.52370466177354,128.9654640255211,84.3203392540182
2020-03-09,145.61541679886972,127.96613130899948,83.74693761765239
2020-03-10,147.88530580261101,126.00551941321977,82.00069569465151
2020-03-11,150.26779878160238,126.22479263622678,82.67539045113575
2020-03-12,148.26549242140155,124.97351143405979,82.21709603821598
2020-03-13,150.81107345432957,126.5349803911039,83.241579770197
2020-03-16,153.18483476931573,127.25215924674907,83.73964286592572
2020-03-17,151.28074940658666,124.13410205383194,84.25341530245585
2020-03-18,152.03931380630044,124.43582657626207,84.05151649052571
2020-03-19,149.72764228359125,125.75694044287533,85.77891749320845
2020-03-20,151.53360019616912,127.90801471012153,86.04946313511829
2020-03-23,154.14717042889822,124.81112840294561,87.34922127304023
2020-03-24,151.20649481016144,125.3374276578883,87.3381632131529
2020-03-25,151.78264886622622,123.68703056231183,87.19718611722679
2020-03-26,150.8072886832268,123.55689874072122,86.66543607158032
2020-03-27,149.84539964562663,122.68061815160277,87.03517526989451
2020-03-30,149.06916206372674,120.30374237433733,87.70151519349653
2020-03-31,150.36995480757219,118.49897078371824,89.06697383752078
2020-04-01,151.33288203666646,118.85573703455209,90.10885639781814
2020-04-02,151.72115484648455,118.38024486455585,90.4646535770288
2020-04-03,151.33832948451942,117.97983670158195,90.17013298576975
2020-04-06,150.61955378280322,119.60433133017774,89.89497830493433
2020-04-07,149.03105186405458,120.40269026993269,90.14398900864344
2020-04-08,147.27344318836305,118.1574092714021,88.50252546531985
2020-04-09,144.4897492885311,117.99222658819538,86.98805243257534
2020-04-10,145.15127510041924,114.82638804926711,86.19998193169536
2020-04-13,148.08628083161872,115.86869308004741,86.69801130477462
2020-04-14,147.97914794699807,117.49771615198223,85.18813207019598
2020-04-15,151.1386148050978,120.36191831386346,84.99361367004397
2020-04-16,150.42294887283774,120.49847615547195,85.2306300774051
2020-04-17,148.89096907259201,122.98353671009018,86.23836698333099
2020-04-20,149.11973059923932,123.79533158472692,84.89289283551557
2020-04-21,151.2503311627396,124.04069926830192,84.10321174157369
2020-04-22,151.7577263335941,123.0816021484498,82.93517009680521
2020-04-23,151.5910792188488,124.0116762580221,81.93665928960951
2020-04-24,150.8665024741149,123.42422992063004,83.47169483792999
2020-04-27,151.52471084751144,123.91089784712509,82.3264470495626
2020-04-28,152.93610561731901,122.96422870966644,81.74102403832914
2020-04-29,151.91639246587596,124.74972678639566,80.97331084130823
2020-04-30,154.82641669699888,124.24145402552914,82.51784957596597
2020-05-01,155.5468271963982,127.11530415435708,80.3487599479857
2020-05-04,155.32028403972947,128.4775787602586,82.1839936377203
2020-05-05,153.6482238531884,128.49507754790687,80.79526267043293
2020-05-06,154.59747245749622,130.33270641039007,82.25824690101354
2020-05-07,155.943520163492,128.73241187297242,82.18967385718472
2020-05-08,154.56593526987984,126.65471241517774,82.25695858520855
2020-05-11,154.5750338041142,127.87038396419781,82.35945807133268
2020-05-12,156.60056120325476,128.1214299699939,82.48386134723273
2020-05-13,155.36283631096097,127.5149923458859,82.69842415780036
2020-05-14,156.46937523318948,131.4414693410157,82.25709158724233
2020-05-15,156.6795360442491,133.93081187767066,83.22251149718224
2020-05-18,152.05860321760355,129.76069031565717,86.51360457579833
2020-05-19,152.0310899007655,130.64670684163582,85.39131312371549
2020-05-20,152.87260741124905,130.46646069526977,84.57129114877556
2020-05-21,151.63675169912068,129.694459683581,84.87228515858266
2020-05-22,150.11693940273693,128.6230343709572,85.43224492593606
2020-05-25,151.83749366933495,126.25483304965935,85.24406017414167
2020-05-26,153.42058026784267,126.40808871394697,86.3170756143623
2020-05-27,154.11617093047025,128.70449249016502,86.66283577587153
2020-05-28,153.63933398244484,127.6970500365712,85.3139903450396
2020-05-29,155.1303267270228,129.2667347069677,85.62275552646926
2020-06-01,153.69688953343703,129.54952332586763,87.42620482380661
2020-06-02,154.901199028007,130.4471742602893,87.48901216851795
2020-06-03,156.2944307440736,129.14846383715295,88.65023015853264
2020-06-04,156.7588328275324,130.36814130945734,90.5387096868985
2020-06-05,156.93011453280687,130.46976932612571,89.01370360569432
2020-06-08,160.57809660476053,130.83631242551687,89.18046233931663
2020-06-09,159.85791709169538,128.50931254360077,87.17030145640223
2020-06-10,157.80974097238507,126.79259901112077,89.06643274013872
2020-06-11,158.83086090922305,130.0944716670631,90.468575636153
2020-06-12,158.4014610335278,129.38751831243337,90.1164714884495
2020-06-15,158.7710880556721,129.91025149033757,90.24094960043875
2020-06-16,161.07759555294652,128.06525243510407,91.03602635768706
2020-06-17,159.4970142704135,129.85412316921366,90.00926397390467
2020-06-18,158.47664756735682,127.59465509546314,91.07168911420706
2020-06-19,153.00505329130388,128.30872351877068,93.69120021560457
2020-06-22,153.6077201604126,130.35856461611937,94.19800424784289
2020-06-23,155.74119223570364,130.96754114702063,93.45992022782187
2020-06-24,151.84308414230608,132.39962710914503,92.21918047442074
2020-06-25,150.9987949463096,131.6761654491849,91.2523176686802
2020-06-26,148.9765816268187,132.47141735341629,90.69501852174527
2020-06-29,148.40327961122594,130.02936821397566,91.29367867796576
2020-06-30,150.73726351948423,128.43689370568464,93.68463229960888
2020-07-01,151.08636096136752,127.92310114559042,96.11496769616949
2020-07-02,151.32883529442918,125.00832431219274,96.38483671342952
2020-07-03,152.38672086659855,123.44518326692261,97.66977389991544
2020-07-06,148.19163503354764,121.06050755916249,96.26896999022176
2020-07-07,149.53237581549288,122.23724912539043,96.92911957823037
2020-07-08,151.38929988719158,124.22098184884973,98.14539752559091
2020-07-09,150.7679534106717,124.05875473754165,97.87725019950821
2020-07-10,149.58529668250017,125.96781139082184,97.46112320099427
2020-07-13,149.10303261534787,122.83000330389471,97.85622620821574
2020-07-14,146.86347595030838,121.80694033224728,99.63667850638689
2020-07-15,143.83575997689454,124.5067207641175,101.24371138287451
2020-07-16,142.75000761878394,122.48842182543676,103.12761629881346
2020-07-17,140.85089508149753,121.55492269995193,105.02385494934697
2020-07-20,137.60886458535316,121.14514156571919,107.84071667108657
2020-07-21,139.90806033581418,121.74996086838209,110.65886167805517
2020-07-22,139.42989138571002,121.35093868934042,113.28595473636429
2020-07-23,138.0490678397589,123.09160954474294,112.40547323645886
2020-07-24,137.70314512412227,123.35634950457595,111.84033057202744
2020-07-27,138.9654288135623,122.6610199379987,114.3769526945044
2020-07-28,140.19345637835158,123.12670417454808,114.54435804533014
2020-07-29,140.2395296672147,122.87638504578447,112.43608174126653
2020-07-30,137.54631639935346,122.53810105113287,110.98915687997972
2020-07-31,138.48481003276487,124.87755246392557,111.08809669799997
2020-08-03,136.5612073511622,123.83177468203282,113.3978545202253
2020-08-04,135.22529395954376,124.56645590131372,111.00416989764352
2020-08-05,137.06721374617294,124.87139964416353,112.15092876674886
2020-08-06,135.19150826102734,121.07393250316308,113.68091414276445
2020-08-07,135.95088140584213,122.27188265720427,112.44427879617726
2020-08-10,135.69772306302247,122.52995467707261,109.82502011877017
2020-08-11,135.30706732952981,121.24001313243483,112.35151938557847
2020-08-12,132.1156356170757,120.88699999908633,112.64954741643665
2020-08-13,135.63617809363382,122.16893029752728,114.8764899086976
2020-08-14,135.61095020144478,123.78010139009423,113.59700163014875
2020-08-17,134.8525508750645,124.92974010959712,111.88390292949319
2020-08-18,133.65053344719985,127.4429380097458,112.0660743587156
2020-08-19,133.4464869594967,127.33160687629766,109.24136740549001
2020-08-20,132.99148810527822,127.46484091393879,106.95984675356294
2020-08-21,131.62147702104951,127.23414723843285,107.72487423589656
2020-08-24,127.94075062231687,123.73904002488628,106.67635725816201
2020-08-25,126.38773024657239,122.81316752823302,105.44256621931184
2020-08-26,124.68864047418832,120.23856181581164,104.7462725093701
2020-08-27,124.47348396275163,119.08494914909794,106.08287913809374
2020-08-28,121.93377700999665,117.32057967864509,105.14839284351592
2020-08-31,122.66145337205494,116.76684886814792,105.45895998045518
2020-09-01,122.53720291923497,114.37399112788417,105.59917103201121
2020-09-02,119.85716844795348,114.93585606531494,105.32934555046805
2020-09-03,119.54827114476421,110.92299512141483,105.99891155347687
2020-09-04,118.83058531163891,111.7164164715786,107.4255935040748
2020-09-07,115.64510332432127,112.1824229532497,104.83078153319569
2020-09-08,117.02647580462852,115.16951897813115,102.34059657298043
2020-09-09,116.60036483768764,112.44086402880966,103.44815717391776
2020-09-10,116.03083960262538,111.03551111947434,103.97512885980623
2020-09-11,114.05749215011,110.1879239498326,102.38031551662691
2020-09-14,113.04768429133777,112.75040538967158,103.76112296155793
2020-09-15,114.79427937062279,112.2158113792803,104.20964001516425
2020-09-16,115.37757757242088,113.97396524321493,103.3764375529318
2020-09-17,115.4543266719756,112.97519163699799,103.76731680533821
2020-09-18,115.82936383435063,112.3469239093224,105.89433893001949
2020-09-21,115.86260148793195,109.946711286107,106.53856192710343
2020-09-22,116.29377163614747,110.49526169004726,107.03213608738562
2020-09-23,118.34569652018764,112.52858930711136,104.7934160472601
2020-09-24,120.84779590468426,111.16204029919457,105.13399428523478
2020-09-25,118.93211464735998,112.98116201035879,106.66766082965246
2020-09-28,119.22219849887085,112.27220846227173,108.01572073726389
2020-09-29,121.63822131067307,114.69025966911748,108.02906979383022
2020-09-30,121.80715418299532,117.17332852945643,108.93302832548923
2020-10-01,122.72489021783448,116.6665243110955,110.07658293773261
2020-10-02,121.58795627549742,114.87664470921801,110.05368141036912
2020-10-05,123.51090799521668,114.6998507504146,110.41099022787395
2020-10-06,126.35239915384662,113.79078231806352,111.16874984617002
2020-10-07,125.93737286130015,115.97102987683628,108.8724728549461
2020-10-08,127.7355462474282,115.9673971619356,107.93052711733252
2020-10-09,127.5998146085965,114.61696376578506,107.74446568828805
2020-10-12,127.42219701255513,113.96406954446566,106.91851332525806
2020-10-13,125.6535673596125,115.62317143986702,107.27595627163588
2020-10-14,125.60570813105751,115.34562340242024,108.32352719575282
2020-10-15,127.65070749806068,117.17029145387625,108.90556356973096
2020-10-16,127.9813101541194,117.70892834909262,108.9109349664285
2020-10-19,127.41826572541162,115.54406254049603,109.43569222431223
2020-10-20,123.75494774871315,114.29447897883279,108.78761374617235
2020-10-21,123.34464457747363,111.03072934529656,108.87679961945153
2020-10-22,124.25139035600029,112.76451423391453,109.50013974228285
2020-10-23,123.83946579271127,114.24992343772892,110.79707756760514
2020-10-26,127.24923576840544,111.59684867491147,109.53717476359557
2020-10-27,126.18233795912974,113.88517107709617,109.35901862382133
2020-10-28,123.75362981796728,116.40035792877447,110.4343198029349
2020-10-29,125.71978978853141,115.5769203514784,110.0883703774029
2020-10-30,121.97045628510007,114.4423983186009,108.68458500225847
2020-11-02,122.28108342205971,115.34789014738841,107.45699457651921
2020-11-03,121.94871160689439,115.9564175363914,106.19440716750114
2020-11-04,122.33071960968915,116.05104550717519,106.30254543513998
2020-11-05,120.91941058282289,115.81174081565105,105.62754675954008
2020-11-06,119.82692748403416,116.36513776843086,107.21832897788344
2020-11-09,121.03296003245144,117.3127239863037,108.27652551327483
2020-11-10,119.1847005918833,116.67390350998505,108.11558885700417
2020-11-11,121.52121585400084,117.67097268685441,108.40632385562624
2020-11-12,121.80437634382048,118.86710614744759,109.18487005738186
2020-11-13,119.38563704831311,119.25878489959281,108.21396734355214
2020-11-16,121.1235802502294,116.86264829330959,109.35202455220397
2020-11-17,119.40746498618972,118.05178637408274,108.83554895912577
2020-11-18,119.37962356282266,118.5054710733008,110.37151234713987
2020-11-19,120.94852054833707,119.80195303544444,111.29092636753002
2020-11-20,119.40160228242112,118.4957292748252,111.03639072034798
2020-11-23,121.7488769679804,117.47494257754408,110.70217213838012
2020-11-24,122.20845611847287,117.68967404787115,112.1824872195857
2020-11-25,119.83549080377446,116.90208531879482,111.52440973258251
2020-11-26,117.8363854723556,118.46930881117412,110.60924506513034
2020-11-27,119.06679447879498,119.24989922075554,112.25475341064073
2020-11-30,118.44102250085822,118.26014971323667,110.86183269290265
2020-12-01,118.02788448926151,118.47878261553784,112.8340871346881
2020-12-02,119.907470800636,117.68247241556355,113.35241669229454
2020-12-03,118.61428662327043,115.83324793770406,114.27308005903092
2020-12-04,119.76103238006728,115.10594963265059,115.37476022369647
2020-12-07,119.18340827501552,115.38209663072301,115.7944626129341
2020-12-08,119.34440406590588,114.61497121095648,114.33313932017765
2020-12-09,118.83172244927304,115.1206700568933,114.35485573605987
2020-12-10,118.73667938768111,116.13988285230526,113.64664944185445
2020-12-11,121.43392272086142,113.58440855021676,114.01028059414428
2020-12-14,121.84988068378458,113.80477759486973,113.5674782833066
2020-12-15,123.59510253314563,113.46691276267265,115.65161524659348
2020-12-16,124.7442598492855,112.44201464070392,113.49051851928904
2020-12-17,122.89787754996861,109.70978242066117,114.24264192793098
2020-12-18,123.60939988808035,111.37380390684197,113.16150950433031
2020-12-21,121.43043345037931,112.53818962739574,112.87239510666679
2020-12-22,120.6534685338278,112.23856292548714,115.9782490835801
2020-12-23,120.388712206767,113.37147793367556,116.27476695294315
2020-12-24,119.73430964333792,112.38026569741508,116.84524863348872
2020-12-25,118.3609395285593,112.70288812962723,114.7970421395972
2020-12-28,116.44301375044468,112.46168354294367,114.90601135577695
2020-12-29,118.80925409782836,113.70644938101596,115.80290271754029
2020-12-30,118.92029566303921,114.97240496100547,114.32869819526584
2020-12-31,118.03389851023393,113.3186415188648,115.65548878214254
2021-01-01,117.0974345442808,111.51391856794459,118.3520590025334
2021-01-04,119.53937301559313,111.27479864707368,119.50249345422667
2021-01-05,118.27996887949497,113.2197383553922,118.05018379239267
2021-01-06,118.99024098120167,115.08101474389285,115.1884846136011
2021-01-07,118.54322049915696,116.5469361172586,114.42376255532243
2021-01-08,118.4840861922729,115.91699327887164,113.92082855530586
2021-01-11,117.83455371330336,115.78083380842095,113.38102289423269
2021-01-12,116.38188516456702,116.61202521053235,112.45547924486783
2021-01-13,115.65105200425953,116.34559856580067,110.71187754110476
2021-01-14,114.50733738941321,115.26502876757382,112.14270556886567
2021-01-15,115.53691144142992,112.47001269404687,111.63576984872255
2021-01-18,113.5153229300697,115.50217404760797,109.5960696341049
2021-01-19,112.955045060447,113.58865929240753,109.7740990341526
2021-01-20,111.36367954253872,112.83620702743785,110.43869212339408
2021-01-21,112.77800380693637,111.98615818161122,109.84186261122188
2021-01-22,112.12716930286899,113.44940284186936,107.98300268294375
2021-01-25,112.64868082719536,111.96980717715512,109.26337452030593
2021-01-26,110.85798395334753,110.9779383822098,110.39632961359301
2021-01-27,112.21664873371058,110.47030069565463,110.59363977983901
2021-01-28,114.06282068374378,110.81659997051129,111.12862564287717
2021-01-29,111.74721401754601,110.30116321292527,112.61315237870907
2021-02-01,111.1164567178072,110.55177936533134,113.86028183874589
2021-02-02,111.38560443638316,110.82326853893781,111.37859459390185
2021-02-03,110.69313237610685,110.74365517216306,112.45672472177424
2021-02-04,111.31983647704335,109.89056803491918,110.57117173973246
2021-02-05,111.2082631650089,110.12153923422416,112.2621585452746
2021-02-08,109.81515999734336,108.40877518998394,114.29143245294073
2021-02-09,108.90269172984591,108.42517026263079,113.48326641283741
2021-02-10,109.27514785832896,105.41321590162156,114.02739098204367
2021-02-11,111.0212751789749,105.60648683024772,114.15442647662832
2021-02-12,112.06602286046946,106.19219351445075,113.88344099116081
2021-02-15,110.66687800889042,105.80864564942488,113.38264477496159
2021-02-16,110.58106119175264,104.6716145726043,113.85988055515948
2021-02-17,108.79513964082328,103.79951214596268,112.65918142372706
2021-02-18,109.15869424094022,103.74351241088243,113.79007636782833
2021-02-19,111.06751082891846,104.27874229307531,115.3196345593719
2021-02-22,109.84234296705644,104.34482979322352,117.37786471997528
2021-02-23,112.45275658423286,103.50667541866693,116.70414369331894
2021-02-24,114.56114639349683,103.67403874064426,118.04582968440101
2021-02-25,114.109998459339,101.88492186991847,118.71268733313049
2021-02-26,114.49220483355698,102.30324184248816,117.32652964845482
2021-03-01,114.41557667285463,101.70318426159812,116.04429262120014
2021-03-02,111.64086407653117,99.75856510529385,117.03078063492775
2021-03-03,113.54231117878105,98.35783613645147,115.72311975315014
2021-03-04,112.6504307440921,97.89828679925304,116.55310334236272
2021-03-05,112.52150602987017,98.27580062841474,117.54952987413556
2021-03-08,113.36017986158339,99.05782114547425,120.97453614226579
2021-03-09,111.10524193220988,96.42998229015474,121.956329057401
2021-03-10,110.29003236495763,96.80524475265834,121.66697759371266
2021-03-11,111.41522303370435,96.58742691858782,125.0273358407308
2021-03-12,113.26664566954662,98.25752729967905,123.59103787456118
2021-03-15,113.82971503660427,98.32887472816915,122.49951777551223
2021-03-16,113.4764479881987,97.42285575132648,122.78590594314424
2021-03-17,113.84829582807807,94.77657944340645,120.99153249145533
2021-03-18,114.99197758986787,96.08133107146128,121.65700816491584
2021-03-19,114.20031589759448,94.39143322375375,119.74363859343639
2021-03-22,111.61977044010187,92.56344653143472,119.931159018818
2021-03-23,111.67483664900902,91.6786971208687,117.26956636574624
2021-03-24,110.86503052893421,90.81398335242568,116.56917867479771
2021-03-25,110.10095443668598,90.76854459485845,117.2826748180683
2021-03-26,110.8283709498373,91.28092654808088,116.3226215688397
2021-03-29,110.95109541158428,91.10548529794544,117.23646397583124
2021-03-30,111.67093800181014,91.48286684004856,117.30068645524719
2021-03-31,113.74347380674965,93.82728339219926,118.40101185243815
2021-04-01,113.69091564908554,93.09812469109109,119.03459476434537
2021-04-02,113.54738924584035,92.36085338392505,118.05034536749004
2021-04-05,113.07874825665236,93.2911553221323,118.62911819574882
2021-04-06,115.00302486316922,92.33521816628303,118.91796016249566
2021-04-07,115.52694479957437,91.67071578869269,119.10871106439751
2021-04-08,117.53850305945828,92.45193642304658,121.20347878448594
2021-04-09,120.37653548699964,93.46426891860712,125.25456399995977
2021-04-12,122.30797804407042,92.70806972434737,126.39151462719502
2021-04-13,118.83688619300396,91.44641034492793,128.18147863835466
2021-04-14,119.09687846702298,91.3711269623227,129.03079638180023
2021-04-15,119.05874215727687,92.38999724543035,128.9320301809869
2021-04-16,118.28824228464693,93.96924017977665,132.13366877143568
2021-04-19,115.71393032156458,93.52911875481496,132.03158272412185
2021-04-20,114.24945015870547,93.80663220997336,129.6658452384785
2021-04-21,116.49495810909868,93.22122490241586,130.39732190097897
2021-04-22,117.10895169109884,93.07492878143344,130.49635662094377
2021-04-23,115.59964105284199,93.10826776351063,130.4908682655659
2021-04-26,112.48041567306127,95.06339521383553,129.18465500366366
2021-04-27,109.86622190898164,93.1968216478518,129.16037471933143
2021-04-28,108.6770418762576,93.0557148055413,130.58505367830224
2021-04-29,107.62919585637486,94.85927360934737,130.7977686825491
2021-04-30,107.3207840432799,94.29099941311057,130.0315042515186
2021-05-03,108.5064614302987,92.65000737394261,130.35738018781348
2021-05-04,107.10954207795267,92.29560009958799,132.24821158291653
2021-05-05,108.73708947432763,90.61718409466286,131.45597043596783
2021-05-06,107.61037067186386,90.55378509360465,130.23242226509592
2021-05-07,106.35765541365211,89.55634701123813,130.48712497148782
2021-05-10,105.92544375157507,89.38474149191711,130.80458601492558
2021-05-11,105.58994735182384,89.61292713441838,129.92472266460928
2021-05-12,105.56935491515335,88.14254420611842,131.95320279317983
2021-05-13,103.45497055000722,89.29651928619757,129.6059683492968
2021-05-14,101.9707573484603,89.28886133072758,130.70285161812552
2021-05-17,101.90126049192054,89.2479124060375,132.52571122250095
2021-05-18,102.254172794125,88.49320192463163,133.06781942332125
2021-05-19,100.80653192618685,89.13761914162959,135.47740193814857
2021-05-20,100.52195921626353,91.8132163495619,134.714466196235
2021-05-21,99.34707872543532,90.97885843587635,135.06766760936497
2021-05-24,97.94098511430956,93.1279890432983,134.05059157193307
2021-05-25,96.55519276618637,92.73022233350028,134.52108735544473
2021-05-26,97.14655059500326,91.81808971266821,135.03179163584997
2021-05-27,95.57699506386895,92.76634061218132,136.0629203600775
2021-05-28,97.48484745680196,93.43258294760838,137.3578564022285
2021-05-31,96.19967650258914,92.4964434187413,137.59180041281013
2021-06-01,96.77215248235622,93.29842731904705,138.9505035857682
2021-06-02,96.83607924208026,94.2323117657596,138.48857239627648
2021-06-03,97.0291497388233,93.49761702851742,136.09980968137296
2021-06-04,97.12207985847839,92.30373468589443,136.74722791993182
2021-06-07,97.27237924005317,93.53670866651667,139.0286932366576
2021-06-08,98.26602591356098,91.19269342717685,140.62052367073667
2021-06-09,98.73378792340495,92.35034033868074,141.16957311959365
2021-06-10,97.03907851978568,92.69247831784958,145.0566539451972
2021-06-11,98.46508297174846,93.02352508885096,141.54973673091976
2021-06-14,98.29912410877442,91.77751604376445,139.87102949423607
2021-06-15,99.10686103841834,91.6527369135759,139.3638665004023
2021-06-16,97.85956185921617,93.03761346121846,139.25556705464626
2021-06-17,95.63318793317039,91.73239176677009,140.7402716074707
2021-06-18,96.70918461122027,90.31833118140553,142.63982468180745
2021-06-21,96.27776353052181,90.78870947806773,142.36337073673707
2021-06-22,95.48676227826451,91.34678560863554,145.75707424025344
2021-06-23,94.798071970917,91.15537682270944,144.67681682916003
2021-06-24,94.70255295474455,92.16908622250305,147.79697407894292
2021-06-25,94.23091592552298,93.42867188611706,144.58802187153677
2021-06-28,93.83716204091827,94.60241369984155,144.6819501296359
2021-06-29,93.39222462276295,96.46647428262645,146.11091177340657
2021-06-30,92.2157905836018,96.23622408726715,146.02735397148527
2021-07-01,91.92242040232512,98.80619884142229,145.96264742913812
2021-07-02,90.63144177767009,98.41855644463757,145.0200245095882
2021-07-05,90.82755648072191,98.26058816543963,146.18077237722807
2021-07-06,91.91748687237953,97.4538784092228,147.11141989135166
2021-07-07,93.16356625443198,98.54749167922668,146.7892202881887
2021-07-08,94.91739361404836,98.77531318048122,144.1463518958645
2021-07-09,95.8582667570656,98.70626416288404,146.2239053548405
2021-07-12,94.62046594086115,99.52044187627408,146.0386222595896
2021-07-13,95.78081763367955,98.24542495148333,145.1068181733024
2021-07-14,96.25374901031567,98.95183058367007,142.67370630398884
2021-07-15,98.13642002454317,99.6576706950903,143.992567069733
2021-07-16,99.79665639730976,100.57794156004812,141.808999479708
2021-07-19,101.04936198674234,99.90109462339646,140.03838756774186
2021-07-20,99.4411192936301,99.82367860105516,140.52239990606867
2021-07-21,100.28706980945861,100.16331785249443,141.44370460224536
2021-07-22,100.18963831005063,100.28543012025354,140.33632303305816
2021-07-23,99.95189529184194,98.40586028082116,136.1342187847752
2021-07-26,100.74233195670423,97.80216627448137,134.05454518191638
2021-07-27,100.15366819023534,97.52577242131417,134.39838259830267
2021-07-28,101.48655929733597,96.80985413099096,136.26793266336188
2021-07-29,102.13488491104975,96.6073574038606,137.58530432605244
2021-07-30,102.35353445330382,98.06479146095775,138.68436118170746
2021-08-02,103.98968138329846,99.2945417691172,136.6632127084199
2021-08-03,103.6220568690314,98.62910796626345,137.55154656470916
2021-08-04,104.42284611013837,98.41971473537834,137.0512864186649
2021-08-05,103.74500077834436,98.75151532759779,137.2284138944756
2021-08-06,103.4391110155476,100.94111981748081,136.54198327165193
2021-08-09,104.75168572583291,101.17427668610725,139.8249000708496
2021-08-10,102.83523392473099,101.55042928635996,138.02421313635446
2021-08-11,103.01798294356765,102.09039050796271,140.07269413454932
2021-08-12,101.84909464785649,102.51870558664787,138.69490206477062
2021-08-13,99.63014754408813,101.27238838968607,139.39103790061563
2021-08-16,98.34479728866943,101.9595390314223,138.61936462269648
2021-08-17,98.14080424367508,100.32301277839632,141.50061437737227
2021-08-18,98.08365387710958,98.63069749275299,142.88101656173018
2021-08-19,95.65859899486153,98.10486626211174,144.01934290070642
2021-08-20,97.23444368675786,99.81407316328665,144.101988766784
2021-08-23,94.34900155512054,97.023493499462,142.77655496062238
2021-08-24,93.5970520628805,96.8068730413565,144.24365105575697
2021-08-25,91.66997269388789,96.86943029309317,145.16932978728514
2021-08-26,91.51499197647432,95.97490794227495,142.27941071173657
2021-08-27,91.67813856851261,96.3103525281447,141.14535931197784
2021-08-30,91.03154655556864,97.26207177870049,142.2741683894438
2021-08-31,91.49422973517852,98.30910032872708,140.11862628459258
2021-09-01,91.157969598817,98.74572582152696,139.5056100913579
2021-09-02,92.61582978617525,100.17483292883115,139.33015469356246
2021-09-03,90.40828811927199,97.07552300250411,139.0165616971145
2021-09-06,90.54933803354352,95.03602251908244,138.32593881811695
2021-09-07,89.11334216771137,93.27901983093442,136.4614311707714
2021-09-08,89.68649175473608,91.88835400603475,137.43550881866693
2021-09-09,90.16424188218265,91.52193161724327,139.3904820703512
2021-09-10,89.49115767858916,92.57602396820738,142.7349931195407
2021-09-13,89.59539808664236,92.09337516560376,143.99747972929225
2021-09-14,91.05561531448637,92.44771161444442,145.91219807563533
2021-09-15,89.56630542685727,91.35778324302885,145.71791909813274
2021-09-16,88.83662876768429,90.94038461781223,146.36187904065733
2021-09-17,87.74855182374218,89.66171734586895,146.84513724390735
2021-09-20,87.80996792368354,88.57695766771239,148.542618379354
2021-09-21,86.91695496595115,88.94682718113462,147.6078031123777
2021-09-22,86.46241023973137,89.753340333253,146.69504081503985
2021-09-23,86.68510181139814,88.45613156016084,146.86804390823804
2021-09-24,86.66078440922217,88.61645514796987,148.63439669230942
2021-09-27,86.34004081384978,88.71597227792056,147.794353520697
2021-09-28,87.1197933202029,86.78703679187437,147.58713798871452
2021-09-29,87.73576678025482,86.21887260582983,149.49699197194315
2021-09-30,88.1651207272093,83.91109620758112,150.90541571075266
2021-10-01,88.72528106865968,84.3578467996352,150.01776221868397
2021-10-04,90.08391327569974,84.15851940073988,148.50454443485782
2021-10-05,89.89037582614277,84.29746562242025,149.42465046319992
2021-10-06,90.9227237996352,82.56543996053794,151.22984311022321
2021-10-07,92.70777886086599,82.21287949858471,150.33729740940032
2021-10-08,92.69418094949249,80.78752243053864,148.67191071528578
2021-10-11,90.81961249923165,81.39639565817023,149.65039754546794
2021-10-12,92.25800960659382,80.6285081766803,150.10610413588995
2021-10-13,93.20838138500699,81.95300272609984,149.95482032564144
2021-10-14,93.82120512289498,80.27980069761638,147.77942649001088
2021-10-15,94.26376515098399,79.50355733821108,147.90128593748383
2021-10-18,93.66865062933957,78.83081417406243,149.46443781978923
2021-10-19,94.46391420643535,80.19237306104911,147.55329838624547
2021-10-20,95.59772520036715,81.59228159331694,144.75588282049904
2021-10-21,94.46765116170195,82.6976669406023,142.7307941545563
2021-10-22,94.39858985596598,81.99738745119416,142.81936773801192
2021-10-25,94.2957443078483,83.73764103721193,143.13966167200962
2021-10-26,96.46824746429243,83.02486780231385,142.72465415583153
2021-10-27,97.43423328469116,83.9985911207361,141.32496007072842
2021-10-28,97.919134731454,83.42753255137937,142.3900705490426
2021-10-29,96.0379980698717,86.3332832511576,141.47637914382673
2021-11-01,94.21149265266347,87.71626196805302,141.02497072628785
2021-11-02,95.90391452373831,85.71828149749196,139.07436930227266
2021-11-03,96.30436636070328,85.43461290297867,140.1476558927535
2021-11-04,94.68367185128812,85.27627584780096,140.6993807778892
2021-11-05,94.10906795074844,86.39425855115198,141.54702752701965
2021-11-08,94.26242531213525,85.0171563498715,138.4799400966573
2021-11-09,92.99779294041059,84.22450481813671,137.84211957910455
2021-11-10,92.61009142553642,84.39127405945085,139.76795774688713
2021-11-11,92.48083646823208,83.06472183820729,141.67823853602076
2021-11-12,90.67718675384855,83.23808299177911,140.20127187412274
2021-11-15,89.11899791412743,83.28317853717341,138.0011804034134
2021-11-16,89.36752909805912,84.34532260318333,138.7122935422466
2021-11-17,89.76633838935318,84.35204984169971,137.51987000095548
2021-11-18,89.52782771425582,84.62268867734764,136.56089189993205
2021-11-19,90.76890785401397,85.66630498396906,135.43640185303425
2021-11-22,91.11275722752706,86.18315338759307,136.20537664768534
2021-11-23,89.70933187952717,85.5378223655288,138.37682741779412
2021-11-24,88.25926933486787,86.9912686342689,138.50046955194887
2021-11-25,89.15982504597122,88.39313067161136,141.00867265711395
2021-11-26,88.38967308626928,88.66091042869856,138.3814315970297
2021-11-29,88.4308770073939,89.45564491837835,140.0089697859123
2021-11-30,88.1457133371042,90.17097804323149,142.3600720869649
2021-12-01,87.8856271320765,89.88199947997897,141.74625258956067
2021-12-02,87.91814747312934,90.05299831129943,143.58619547016661
2021-12-03,88.40331099941277,89.06870910366013,144.5112062421127
2021-12-06,90.93254645459344,89.17133474505943,142.69274879932007
2021-12-07,91.93923519560636,88.98703752253547,137.05679937106768
2021-12-08,89.83709423074566,87.45542177332436,137.40239700255336
2021-12-09,88.22278883034123,88.02576771432332,138.7087155746217
2021-12-10,90.70844324253058,86.52186017568111,136.74550940928114
2021-12-13,90.95587351809112,85.26355094782349,138.93271661316805
2021-12-14,89.06627082275917,86.17024261225399,141.0128813792767
2021-12-15,89.2135828599888,86.17273805295513,139.70896200869598
2021-12-16,88.64561891153451,86.37447077352672,140.03279712238185
2021-12-17,90.32313665362712,85.81183748879253,139.85775438444352
2021-12-20,92.11251042877555,85.09752203668383,134.99290953724733
2021-12-21,90.65836704261154,83.54188797023605,134.4523393394097
2021-12-22,90.8593755377232,83.33911485936946,133.85942038267478
2021-12-23,90.23614613684339,83.05081263046421,134.7407282179014
2021-12-24,91.27605070622785,83.00392733785095,136.7726116646721
2021-12-27,92.20177514018523,85.308398959693,136.3527650786662
2021-12-28,92.44132785191304,86.05699180534229,133.31906816235275
2021-12-29,92.26022255965493,85.55891768611184,134.06485579425555
2021-12-30,92.02954025191843,84.98703926533496,136.1119828566049
2021-12-31,93.00143173505538,85.41657724675171,138.84699391115038
2022-01-03,92.14022006122327,85.00912221578422,137.2873375292283
2022-01-04,92.70488654487177,85.5029175358907,135.92111407928036
2022-01-05,92.70414324673713,83.82617217633293,134.746429069312
2022-01-06,90.88702718662556,83.14920821156612,133.56938215054754
2022-01-07,89.78928347426837,82.63623980388014,135.314794515751
2022-01-10,89.55162152971857,83.20059757499128,134.12787794642492
2022-01-11,88.00712519871357,81.36028300629096,130.58377734344958
2022-01-12,88.24876331529535,81.2859198080854,131.3740236632214
2022-01-13,85.36694277911785,81.23971307331846,132.0559899027964
2022-01-14,84.29206152438398,79.80571307973301,133.67482890848524
2022-01-17,83.10322298691209,80.63141823220587,133.80646674598563
2022-01-18,84.12902160138559,79.74792711508655,131.8375108182217
2022-01-19,83.3188499513554,79.62890726259957,130.67093979545163
2022-01-20,83.06860907697714,78.87014443236812,128.45083531794435
2022-01-21,82.6420141830013,78.8272181436464,128.9243384857498
2022-01-24,82.657265219578,79.56583989798648,129.16587224946062
2022-01-25,79.69912214327393,77.93175046571719,128.3799269104547
2022-01-26,79.61031158587762,78.25456748345283,128.82138956391586
2022-01-27,80.27143256341303,79.0077137876154,125.30788647390075
2022-01-28,80.13382378099732,79.1316603886785,122.36135311801507
2022-01-31,79.25140231049889,79.32908905079965,122.48290700736796
2022-02-01,78.69730751718856,79.42969476498666,125.49534258455198
2022-02-02,79.35088457600216,78.63290429596285,123.71137539042371
2022-02-03,80.43528033995085,79.58794265506836,121.4555687374749
2022-02-04,80.45025611614304,78.59029950615732,119.2438504829476
2022-02-07,81.12356028310138,78.05696186363132,120.13195800272645
2022-02-08,81.03457962032917,79.06641020269548,121.10491686124406
2022-02-09,80.6409431023756,78.49219103938165,122.55344161717663
2022-02-10,81.26825894278618,78.89127793024794,123.8722225879066
2022-02-11,81.22607569829961,78.29459474444981,124.81766747139073
2022-02-14,81.44398467380552,79.47327067290679,125.31254926364821
2022-02-15,81.80881739772276,81.53086103887092,126.30347509854494
2022-02-16,82.29364608740876,80.54025979500037,126.62255532688816
2022-02-17,83.16830351733078,80.67651759184052,126.08696060640138
2022-02-18,82.07641519698258,83.45541082819585,124.92892052444554
2022-02-21,81.72346057874888,83.20113731269403,126.25503478786148
2022-02-22,81.39157164994762,82.81416891503542,126.39292631841654
2022-02-23,79.94377506782452,82.85108645542776,127.13034660932286
2022-02-24,78.783743578403,84.07597791823095,126.43660140456102
2022-02-25,78.68471596125605,85.42929903370674,125.50366414410867
2022-02-28,77.9640306484227,86.47836165606346,123.23883771500381
2022-03-01,79.3383479383065,86.40791196643032,123.12832335485511
2022-03-02,79.92921678031263,87.36400292707474,121.5460718636554
2022-03-03,79.50396791905492,86.07026282600864,121.32020554105466
2022-03-04,78.8752723185481,87.55278293029873,120.4086179696423
2022-03-07,78.06102373721778,87.54351532449243,120.47628452473097
2022-03-08,78.96442346206297,86.45990177942889,122.898335173768
2022-03-09,79.26568051598814,85.7808860048711,120.02505148902962
2022-03-10,80.63120597256797,86.11859359482766,120.40419594103064
2022-03-11,79.72367483358323,86.04861901124497,119.97402357364429
2022-03-14,79.17173478323677,86.7815312154336,120.01916452400249
2022-03-15,79.4601909249154,86.88451757150565,121.86719580008639
2022-03-16,80.43310572351791,87.59160776609421,120.48407458929186
2022-03-17,79.4539583737198,87.10921950545652,120.49268781645934
2022-03-18,78.29914806850817,88.08762162027588,121.07211999855029
2022-03-21,78.76566954660184,89.80386623625108,120.64706972769817
2022-03-22,78.82324671589606,88.80532398425193,119.79260976466023
2022-03-23,77.81196386729879,90.17571450825073,120.9931319878037
2022-03-24,78.94025821780764,92.21006206924311,122.88292385975492
2022-03-25,76.37032895721367,90.62740117211871,123.11510677439159
2022-03-28,76.33143254933233,89.67083791116801,124.39260743330621
2022-03-29,76.46554297746522,87.92036814421543,123.74867720437588
2022-03-30,76.54795584502082,87.64966456662958,127.34682686257035
2022-03-31,75.76041635987112,85.85324193284262,127.83893066748836
2022-04-01,76.02743944306876,85.70703133972047,127.37690282404797
2022-04-04,75.85106704251176,86.02038853559125,127.62506848260222
2022-04-05,77.09273354328795,85.30230629162125,128.58310101863592
2022-04-06,76.21476374234122,86.50068374256169,126.65727436067674
2022-04-07,75.08223226533305,87.28753611912028,124.84725800194637
2022-04-08,75.29811253577734,87.09916815331289,124.6398522991617
2022-04-11,74.6161759764047,86.54477370315225,125.37037952393987
2022-04-12,75.76420726627106,85.76198803128618,125.58132353624563
2022-04-13,75.58313220927438,85.16467779464342,124.54410023838801
2022-04-14,74.83785914015091,85.92348502626554,123.18791819340805
2022-04-15,74.3107676599366,86.15132913315738,121.40434154741298
2022-04-18,75.78447145656185,86.4240082522806,121.15621780828305
2022-04-19,77.66181413657694,85.09351823998813,118.18132139153397
2022-04-20,77.07274448084725,86.14383227675043,113.52524008955032
2022-04-21,77.14841387444793,87.93234868880987,114.80431604612606
2022-04-22,75.78155373372182,86.85043324746364,113.93103787711651
2022-04-25,76.28450178634304,89.08858003684392,111.65758551414535
2022-04-26,76.95301292283959,87.83051531203654,110.12720337630924
2022-04-27,77.76532505659945,86.30978494129597,108.9796483701426
2022-04-28,78.12618895436837,87.45962291747588,110.88991671536152
2022-04-29,77.8868722790243,87.14386385785292,109.63695721103282
2022-05-02,77.87045757470939,88.34888551736863,110.7214325037845
2022-05-03,76.67170921787016,87.49259926370753,111.08225132342749
2022-05-04,77.65132297998962,87.21066427798092,111.4959744584357
2022-05-05,77.08459311056795,86.57255785889735,112.17098186125847
2022-05-06,76.67095465696246,87.30149170669256,112.4312814282665
2022-05-09,74.32533505432616,87.12697778794855,112.88645122749413
2022-05-10,73.35441528981836,88.68337522065124,114.43232380435879
2022-05-11,73.73767577204633,88.11026945275125,112.75388737809797
2022-05-12,74.21658616094574,87.99282512830466,111.31369827342421
2022-05-13,75.53504520753036,87.46081686223482,110.32232802668506
2022-05-16,75.06662632646615,87.18974210621278,112.22840208722658
2022-05-17,74.6007642723176,85.87453265137145,113.28150520262896
2022-05-18,74.5910181883525,86.50762274430632,112.37126722711717
2022-05-19,75.46175938343853,85.8867027950839,110.2777569369562
2022-05-20,75.11018005542446,84.34621068150463,109.98824715630367
2022-05-23,77.99001288016737,87.63943882277431,110.84480119557584
2022-05-24,78.113632291672,86.40418490681114,108.20411562303086
2022-05-25,80.41931603071806,86.65898518112535,109.01797754678064
2022-05-26,79.90584717052776,87.40941090410799,108.99242040960829
2022-05-27,79.92065321255863,88.82502177039227,108.85630361700896
2022-05-30,79.55486468713578,90.50239539983065,106.8295661596502
2022-05-31,78.25259325572127,91.03530648247143,107.39476586526486
2022-06-01,77.93876528659406,91.6028855483401,106.81359680321972
2022-06-02,80.4207326539777,90.54850955072098,107.58013327039441
2022-06-03,79.95970903268297,88.9773185453386,105.45593380112429
2022-06-06,80.99147121839906,88.07223209018642,104.15928695702245
2022-06-07,82.66934355918829,88.20609460447575,102.05394375586151
2022-06-08,81.80641967773869,87.23713837298835,99.59167444108166
2022-06-09,79.85778939135264,87.49591793054262,99.14488524771255
2022-06-10,79.88085271520083,86.6187205027408,99.25875747136548
2022-06-13,81.97238294720934,86.43008297558413,99.09504883245067
2022-06-14,80.36477490464607,85.26939616343996,98.98772583342793
2022-06-15,80.58863211708419,85.18411876077778,99.02854510948822
2022-06-16,81.21165635635873,85.8169793110156,97.73989957969624
2022-06-17,80.56081963004121,86.75665662218798,99.41315650630611
2022-06-20,80.58762116743371,85.44664615619637,98.2378957564221
2022-06-21,81.69669830234959,86.39834628632603,100.36588684134037
2022-06-22,83.58490765416332,86.34125808281601,98.96803160386533
2022-06-23,82.74779663289154,87.61329595963413,100.00627716056509
2022-06-24,80.23181278767677,86.57746985357325,100.75157670334463
2022-06-27,80.31837222744795,86.49301371574298,102.71975603312197
2022-06-28,81.35826516408306,86.72849942830815,102.66010819186779
2022-06-29,83.48752955795132,84.90394778652504,102.24579936375817
2022-06-30,83.11693542246861,84.1796492331197,100.49592648899598
2022-07-01,83.50261128894499,85.28399734457216,100.21107067261713
2022-07-04,82.96046005853152,83.39037996921373,99.744887890855
2022-07-05,81.59876422167912,84.19245215431606,98.80024975200209
2022-07-06,81.10500194845164,83.84715736969125,98.29578964194869
2022-07-07,82.14897562004722,83.72306154031983,97.43032201399906
2022-07-08,81.59391226346644,83.99704862047304,99.26007701575743
2022-07-11,81.44920288040451,82.99748826919779,98.58532667007489
2022-07-12,82.18746632017273,86.53147611123823,100.2367418655762
2022-07-13,84.18901154815102,88.67734065115908,99.34118108214193
2022-07-14,84.41303131131255,88.1669473345663,96.07173853013578
2022-07-15,85.83376537851196,88.94687045858568,97.18464273149768
2022-07-18,86.35070199754885,88.01248492942335,97.79432581312662
2022-07-19,85.66174056416736,87.51875636323943,98.17633900292623
2022-07-20,86.82579034096786,87.73678648722188,97.51034962984389
2022-07-21,88.30628783616515,87.06703557512037,97.9141957574617
2022-07-22,88.57972956234414,85.01527445162402,100.10886395764707
2022-07-25,89.07173687718432,84.91797542264295,99.8510308596304
2022-07-26,90.0882718578273,84.72214804780698,99.04026428277812
2022-07-27,90.71490222313966,83.98915314569555,96.17178775830376
2022-07-28,89.55486464665111,83.38505110299127,95.85506217450464
2022-07-29,87.26540214849925,83.20683855350326,95.61958976888816
2022-08-01,86.23814780601833,83.23935843453573,95.97327438551665
2022-08-02,84.72561268591781,82.26153106547207,94.82095148040433
2022-08-03,85.62990091114995,80.33265580520569,94.60046380604484
2022-08-04,84.14294328225664,81.25784752441749,97.16069690273751
2022-08-05,85.08584358902867,82.17303335515653,97.62638024823136
2022-08-08,84.48366646202881,83.35124015555168,99.10837123249387
2022-08-09,83.491446076258,82.74037948361924,101.80543083345647
2022-08-10,83.09461903419972,82.92562379456189,102.07069706976627
2022-08-11,84.06220754881784,82.14571154357782,103.59943194537959
2022-08-12,84.20854418656279,81.9461668681844,103.86189373070326
2022-08-15,86.30585639380871,83.74744710607237,105.31691002537173
2022-08-16,87.07571297780687,82.53588369028266,104.37753886886411
2022-08-17,87.24360570607226,84.72182502680262,106.14745317645522
2022-08-18,87.45204714052123,85.4881307824205,106.76177315182319
2022-08-19,86.39818985186189,84.52491692875698,107.89572752316126
2022-08-22,86.34019742451648,85.4614777297225,108.04621053071511
2022-08-23,87.12304848145548,85.75252396089209,105.3633655827238
2022-08-24,88.25830409192551,85.33593025948385,104.42471713451845
2022-08-25,89.72767123137344,85.64929915715202,104.69958264966614
2022-08-26,88.98578177092782,85.32592342470265,104.13385610702616
2022-08-29,87.11276129338012,84.48902006966904,104.93380012198293
2022-08-30,86.02170659849664,85.2510748715448,104.22243345160604
2022-08-31,85.10047681580777,84.61067984417032,106.38040122897704
2022-09-01,84.14626103188196,84.66338837758913,104.34541700479754
2022-09-02,84.54337234382885,84.16324801801449,104.59143659204385
2022-09-05,85.36824444133472,83.02613818579478,106.33496538444497
2022-09-06,85.02503284377025,82.30723918869812,106.76198708222869
2022-09-07,83.933247828002,82.83776324267991,107.6289213644633
2022-09-08,82.43757958484501,83.94442585465198,105.9259243977048
2022-09-09,81.45292482030948,82.81265482507739,105.8720580486917
2022-09-12,81.57065604984409,81.80329820358358,108.5705522426306
2022-09-13,82.89182788101452,82.76757546071218,109.1440355504961
2022-09-14,82.51317187992862,83.2998964996679,110.0149641773301
2022-09-15,81.64587967812948,83.16000058893563,111.34236519593114
2022-09-16,82.4318867450577,84.02494919283369,110.99972739461786
2022-09-19,81.75796036312495,87.07360465344485,111.98072591437669
2022-09-20,81.09034581494903,88.95339225898975,111.87116025916626
2022-09-21,80.21336584921346,88.04925971271462,112.04013643605123
2022-09-22,79.40854561999551,86.88825386408445,110.90422843015735
2022-09-23,80.88094409992186,86.08899607381773,108.79000786498504
2022-09-26,80.76532060694653,85.00482693064866,110.04592860139375
2022-09-27,81.484864167463,87.10745127112042,109.44558122256953
2022-09-28,79.35793486243661,85.58095534627004,106.63210503284198
2022-09-29,80.13783307123589,86.75673339028982,104.53751346995156
2022-09-30,79.93141158550992,87.5358392841534,105.60519670661168
2022-10-03,80.04291939889008,87.45145477567976,103.76462366581588
2022-10-04,80.14177522595757,86.86563037104459,103.89465737271763
2022-10-05,78.9856027033815,87.33893089647273,104.76645584571594
2022-10-06,78.94036365869862,85.7314783559664,105.82895671579068
2022-10-07,79.93234782462034,86.30733584807666,106.54426583887405
2022-10-10,78.26219928067924,85.17414115157572,106.540724081225
2022-10-11,78.16471108541492,85.78114142673583,107.48795407795383
2022-10-12,80.09204497008507,86.09827675804802,109.26189854438897
2022-10-13,79.94709231601921,84.1696970631526,109.3505668325357
2022-10-14,80.69459081581937,84.27280257183635,108.68881387401343
2022-10-17,82.12848537912254,83.80774819237168,109.59882691087859
2022-10-18,83.27132022189056,85.07836271940792,108.13565053155043
2022-10-19,82.70702384994095,85.6146526311386,107.20833302367129
2022-10-20,82.73994143040754,85.76141642599728,105.50840656027567
2022-10-21,83.06848951026286,83.8443567915259,103.74467030066955
2022-10-24,86.03155111692787,82.14667628206564,102.47566358104167
2022-10-25,85.9287961842763,81.12016459736545,103.8544407140775
2022-10-26,85.54321331835263,81.00297146578849,102.8907528953097
2022-10-27,85.51686763452157,82.08362780897723,103.99422788528987
2022-10-28,84.41679058481935,83.89672245871722,102.21695606960546
2022-10-31,83.273224634153,82.12085388247999,103.26249593001138
2022-11-01,83.51320590792746,80.99918459989897,101.53328763711517
2022-11-02,83.1860619139646,81.38970266091884,99.50108076868352
2022-11-03,80.48067049315834,80.76282771622606,98.99294240721375
2022-11-04,80.03773839497602,81.08807572435562,99.99415547501835
2022-11-07,79.93406660199697,80.5095866740172,97.85633817573027
2022-11-08,80.42429567995816,79.62261334405169,97.96710546499355
2022-11-09,79.70591252893753,79.81145097979451,96.61945660673868
2022-11-10,80.00686761892392,78.78196576616757,96.8910996966475
2022-11-11,80.08580474162382,79.28320939222624,97.41433033127021
2022-11-14,79.74674629955611,78.24221626431128,98.6490036810307
2022-11-15,79.53924265317673,79.49075037704134,99.40254853568452
2022-11-16,81.90236836517654,78.93751186864603,99.75278135058771
2022-11-17,81.89032470103666,79.37507492417792,100.45605129435249
2022-11-18,81.81827667873688,80.46565321063473,97.97951684281705
2022-11-21,81.36235678554822,82.46031669416328,97.99140484641148
2022-11-22,82.0782275673492,83.23557516058455,99.18204095180182
2022-11-23,82.21601751173044,84.01627781467991,99.56751991725221
2022-11-24,83.33702559689108,84.10437526063235,97.54732417835982
2022-11-25,82.3167062988225,83.83183407951637,96.27147027418232
2022-11-28,83.20844018141166,83.81305186050123,95.03101941163
2022-11-29,83.17161844243152,82.8880114217499,96.24210323156083
2022-11-30,83.13251997634512,82.65519584395722,95.95216569263174
2022-12-01,83.7625398504538,83.77610553031542,94.94892372872
2022-12-02,82.85929157687835,85.87754297745991,95.80211243578749
2022-12-05,82.32822905009238,86.50702177738881,96.8923520147507
2022-12-06,82.186953525613,86.79723232800893,99.23057266413227
2022-12-07,82.86532686457117,87.38139288683323,100.19162491847833
2022-12-08,84.07925088405453,86.32934908733472,99.24099873438453
2022-12-09,84.34923569114851,87.86702640674056,101.60897040038914
2022-12-12,82.8817182509211,88.71193701602205,101.78456613733282
2022-12-13,84.24388676832874,87.71545122685023,98.89503319205284
2022-12-14,84.85711863003236,86.99844163600191,98.32284331779162
2022-12-15,86.20292584328111,88.08297056006597,100.49695883450127
2022-12-16,85.57557561196309,89.12793320328684,101.85944505727409
2022-12-19,85.72120860325165,88.26405481649174,103.86246886605416
2022-12-20,86.69493618894235,88.20799841516047,104.88305760504778
2022-12-21,87.3981114031036,88.65580036192256,105.57556583861724
2022-12-22,87.39862959075896,89.85192364277958,103.42905997528455
2022-12-23,86.86542695110873,89.16930930011976,102.95773218552
2022-12-26,85.56582872875734,87.7206440498028,102.12370580803365
2022-12-27,85.67765035486681,88.53377311589048,102.4824408643136
2022-12-28,84.3533930024257,89.7173641262176,104.88620717115718
2022-12-29,84.06815955437642,91.66680925129762,105.65795873094986
2022-12-30,84.99733796882892,90.0292847192397,105.83045889359995
2023-01-02,84.98847531932543,89.94424497102514,106.25697618206605
2023-01-03,85.00664047321645,90.55517000470803,105.2066014509172
2023-01-04,85.56586567669306,91.73014389261454,103.7560804712547
2023-01-05,85.51770246296165,91.61315665549442,102.04475684246977
2023-01-06,87.6070488965169,92.4667838966865,101.059443438042
2023-01-09,86.73927373788968,91.88249283301953,101.0452110478183
2023-01-10,87.26112787839075,91.14532071530321,99.70362804489844
2023-01-11,87.05007557648048,91.16371443194704,98.0225021211054
2023-01-12,87.07346937173311,88.92353904654446,98.76249366676436
2023-01-13,87.09943133196441,89.5128030140531,98.19626011276198
2023-01-16,87.00707507039823,89.04452358124071,98.46079943958264
2023-01-17,85.56459005859442,89.07159006576862,98.2744207908785
2023-01-18,84.3649566291481,88.4122116852594,97.96601902420726
2023-01-19,83.38493217538206,87.32232436083683,98.88895490667191
2023-01-20,83.809200824908,85.53778794865526,97.03026438259484
2023-01-23,82.12466649536212,85.11337230523888,96.34007397763499
2023-01-24,80.57454160228471,86.61040191098472,95.21410261778536
2023-01-25,81.29359386647539,85.62004864530046,95.24040657836298
2023-01-26,79.20111126543947,86.71101422479583,95.38502883990294
2023-01-27,77.49605448048581,85.31151224804448,94.43373536615124
2023-01-30,77.60842332889199,85.27570970256106,94.47809963368506
2023-01-31,78.75772254627326,85.14486373933204,94.99233725868801
2023-02-01,79.23915176089928,84.79810513716204,95.3639433385931
2023-02-02,79.32705372021574,84.7967516530005,95.57330600340991
2023-02-03,78.24676645380438,83.17965171970195,94.94023418822448
2023-02-06,77.16882846961117,82.4833126662324,94.89535102481246
2023-02-07,75.60492636596334,83.02862503557392,95.76845587486291
2023-02-08,75.61204745846702,83.30307903449123,94.83400404944939
2023-02-09,76.22184106512447,82.75737334749125,94.19850845735235
2023-02-10,76.53449717660453,83.68345345231974,94.87346133808268
2023-02-13,76.73204802365144,83.34595530829736,96.10506757002682
2023-02-14,77.86223622606985,81.73100357650026,97.80118946067104
2023-02-15,78.42232477964231,81.96289401042456,96.71296136254385
2023-02-16,77.89591001461314,80.45262621846746,97.78240579263397
2023-02-17,77.54338145878651,80.46491277257086,95.78747628402586
2023-02-20,77.71524101098112,80.58941037150723,93.81574700223626
2023-02-21,76.99128745408836,80.49168550447304,94.82571660372805
2023-02-22,76.24404189132518,79.87894010380566,95.6467225432756
2023-02-23,74.83832316458643,79.03716713440262,94.36716844284088
2023-02-24,75.47661005341119,80.35102821638064,92.04238985624796
2023-02-27,75.72690254591487,80.3841939079437,92.69219462066935
2023-02-28,74.79741065685141,79.48211318167864,90.82478098541138
2023-03-01,75.80588671002228,80.1535105499282,90.48808991344261
2023-03-02,76.74274343602647,80.25875756155455,90.90553255109641
2023-03-03,76.33888227021002,80.05218476631279,90.99456123854576
2023-03-06,74.409307377276,79.9177964378977,90.71321237398291
2023-03-07,75.20282430410668,80.98295255977645,90.21380070956455
2023-03-08,74.33125487105063,79.36178575094924,90.72340346455623
2023-03-09,74.44081578441215,78.66132968713478,89.51161812777278
2023-03-10,74.68416311764435,78.83229690711927,88.16676815040567
2023-03-13,75.0759041497661,79.74570908755621,87.8526359014778
2023-03-14,77.24544822509004,78.1050402488744,87.3243875797283
2023-03-15,78.69764001739206,76.97524840094698,85.94030327368363
2023-03-16,78.72194827601734,77.1657439232544,84.57968315322856
2023-03-17,78.72207557284571,76.47120511941036,85.7442477021316
2023-03-20,79.15937750969591,76.22225100981542,84.96980990340312
2023-03-21,78.395926868334,77.57143920076267,84.4578145581577
2023-03-22,77.16474586598059,77.38484189166616,83.41922124605114
2023-03-23,77.66781527968124,76.93487514136235,81.88594575800674
2023-03-24,77.72735413700018,76.84870717961685,81.77280210799422
2023-03-27,76.91810557186582,78.12018719326733,82.6031765021866
2023-03-28,76.80514634571163,77.56605140145288,82.4315348105419
2023-03-29,75.92412358706135,77.86826168080691,81.94138292938861
2023-03-30,77.12913361765888,79.38979658600839,83.17106231193722
2023-03-31,77.25504983630425,79.00874217010569,83.43339479636812
2023-04-03,76.95668486968762,79.23124402730981,83.09374999180682
2023-04-04,77.31513044306756,78.16484439234219,84.09382417862867
2023-04-05,78.00417215242102,79.17712647405378,84.51339929635544
2023-04-06,77.78207407080136,78.68859666535543,85.35875676911516
2023-04-07,78.46422107621453,78.61110779658667,84.42502601014478
2023-04-10,77.08513019525738,77.7614940183545,84.87755200899426
2023-04-11,77.27950529155139,78.31585156844267,84.36179393902616
2023-04-12,75.94114203459867,76.90945625376547,85.21083176842711
2023-04-13,74.38205962093741,76.46096383767016,85.77864992852624
2023-04-14,74.46877128106527,76.4633584298163,84.75802635156909
2023-04-17,75.6771668871928,75.87687725190206,84.94448606338635
2023-04-18,75.57178047528588,76.99460570977797,83.96225855087677
2023-04-19,73.50625842340264,76.90800285632118,83.93166054713902
2023-04-20,73.86978985257474,77.70860888588632,83.73824766445807
2023-04-21,74.8610273885507,78.03794994122298,82.4708532391146
2023-04-24,74.43817098666338,78.22978591656701,84.05412332129553
2023-04-25,75.16684831936244,79.44193635088612,83.61624899313023
2023-04-26,75.3312589268689,80.54713727387472,83.37039723292962
2023-04-27,74.9507806657996,81.16044249225045,83.21754243946562
2023-04-28,76.0125318812024,82.57039417834619,84.40084581884945
2023-05-01,77.11536586577645,82.82295851712931,84.6748448746796
2023-05-02,77.36253709152471,83.32074729363755,84.56046235571101
2023-05-03,76.9967179122948,82.5515217222002,86.41216909612432
2023-05-04,76.15290683056055,82.38525615155685,87.14075511645117
2023-05-05,76.9156852269992,81.99119179885051,86.9724461797015
2023-05-08,77.47314849745938,81.2231857854117,87.29917022195364
2023-05-09,77.16346350493953,81.21700121689128,87.12764965669734
2023-05-10,76.89985540524202,81.85310817450387,86.23209366529233
2023-05-11,76.51110576379399,81.26598287128645,85.61261945733584
2023-05-12,77.12183913864017,80.23564749469861,84.67366530189487
2023-05-15,76.54111456948313,79.86572306066199,83.98770323723697
2023-05-16,77.14929247371654,80.16207272600681,81.93506472058968
2023-05-17,76.71944792264637,80.44680380600994,83.54018228305765
2023-05-18,76.76309641551107,80.43533620551231,83.72075214127004
2023-05-19,77.68860248930103,80.86964634079858,84.7147619872463
2023-05-22,78.10630992024583,82.95582378180461,85.31644455192693
2023-05-23,77.82849704700337,83.40090199348192,85.34398472312425
2023-05-24,77.67053118081066,82.8133170584346,82.94500243174929
2023-05-25,77.38857051706597,84.5560395715369,82.53852688505671
2023-05-26,76.13257528395238,83.72307107120112,82.27770261734449
2023-05-29,75.21460823395527,85.27331503583825,82.53082899067796
2023-05-30,73.71503097019568,85.51615690242352,81.80405900439074
2023-05-31,73.90174981765317,86.43338130684528,80.67953792130528
2023-06-01,73.83305388905002,86.75738966600869,81.04852838933108
2023-06-02,73.50850128656688,84.59313200996856,80.98924612419347
2023-06-05,74.3023728087756,84.8824717281733,79.12973408277014
2023-06-06,74.48184807568238,85.39956097757585,80.41110022509672
2023-06-07,75.28150315941119,87.02222326441294,82.00465305472558
2023-06-08,74.87592044495847,86.36488448817002,80.76819442216828
2023-06-09,75.3356958263887,85.41683875870919,81.832563559571
2023-06-12,76.5216166999515,85.84200872711182,82.21514167396329
2023-06-13,77.87495936582452,86.34367826730397,82.24824296838341
2023-06-14,77.1568600052267,87.4312258233919,81.97920020445352
2023-06-15,76.15303843229142,87.4505081888756,82.15574962317119
2023-06-16,78.17298411223496,88.29655820767886,80.63600184182857
2023-06-19,77.31662975722043,88.60919847250257,80.02420217139247
2023-06-20,76.58481462182286,88.58633622868226,81.98626103402422
2023-06-21,76.79425655362178,87.1434978258363,83.58816771272058
2023-06-22,77.70516467553327,86.91118741987728,84.71236399532944
2023-06-23,77.54183335599889,87.02323388266304,83.1668387133172
2023-06-26,79.63827332524879,87.17108260964577,81.3260347101631
2023-06-27,80.11794525677088,87.4581306009586,80.7254643539464
2023-06-28,79.80735759043746,86.71376775086362,80.8793164251801
2023-06-29,81.2952756481378,87.54515463711653,80.4761740360482
2023-06-30,82.10745769331749,88.55876732895317,81.83349259346804
2023-07-03,81.70033708380092,89.4300568745415,83.3052624519355
2023-07-04,81.62443701856417,88.77296503254955,84.16045691106757
2023-07-05,82.2153342444679,89.3534643192549,86.06072145939194
2023-07-06,82.35759190535605,88.76512014618717,84.95801530521858
2023-07-07,83.7385186961762,87.70604945409673,84.88966361825112
2023-07-10,83.90677550916047,89.05104558855955,83.74838475900191
2023-07-11,85.01327719637824,89.5593326369532,83.13163693758393
2023-07-12,83.75873444899489,90.41701085306576,83.6650873129643
2023-07-13,83.91244880712634,90.01850824519364,83.23956850279225
2023-07-14,84.31708590561395,89.52637167330764,83.83660383694267
2023-07-17,83.95199948304605,88.37397500672887,83.28641056901982
2023-07-18,83.99391720521395,88.2897136805928,84.27224603017626
2023-07-19,86.55824581574556,88.74783129324051,85.64932090988367
2023-07-20,86.12767880271274,89.56559708914564,87.1029398680351
2023-07-21,85.77621763764694,89.86138901831696,86.46278480976765
2023-07-24,85.65741645851364,91.53289720830925,84.35860149166732
2023-07-25,86.68209364001548,91.25098127672551,84.25213953513017
2023-07-26,85.84712551716949,92.55448204462903,83.27777350836655
2023-07-27,85.58497057378536,92.92901434545699,82.7517056476942
2023-07-28,85.46109065707766,92.29685623098734,81.84499217038879
2023-07-31,85.92541101012883,93.37764569448231,82.74443447276744
2023-08-01,84.80494826917312,92.45999557891005,83.18583862077494
2023-08-02,84.33722495643309,93.02065979316389,84.21281235075267
2023-08-03,83.82984091282466,93.04655330670818,85.74839608731908
2023-08-04,86.27725338798986,91.46970177806263,86.39896653467873
2023-08-07,89.02327575551095,92.3964307562589,87.1217519324314
2023-08-08,89.06908379308946,92.51650653949206,87.35316666129839
2023-08-09,89.15973776937318,91.63313172830271,86.22938714624331
2023-08-10,88.5982925821703,92.31904417751076,87.37546866133943
2023-08-11,88.3066858121804,90.52259137635464,88.60135361813767
2023-08-14,86.93563738342748,89.83936630611348,87.98519745879224
2023-08-15,88.49062833561648,89.45440213118385,87.5971939496091
2023-08-16,89.64874436569212,89.09215376981483,86.6779546668565
2023-08-17,89.96351124541737,88.04442128099063,86.76971881213898
2023-08-18,89.87081296513334,85.42121975060834,85.88439122779708
2023-08-21,87.47686629631046,85.34898280451021,85.12279700421956
2023-08-22,84.77096631367782,85.70351556296346,85.55644709205653
2023-08-23,84.91224605311301,83.75048071355968,85.04063385694046
2023-08-24,85.79896911142157,82.56319886900029,83.56554387301638
2023-08-25,85.05404639967833,83.02538693264431,84.2951119124757
2023-08-28,84.45186240496159,84.17623426769639,85.12313985057634
2023-08-29,84.87855835921914,83.81915725400349,85.45174612599662
2023-08-30,83.46310572347615,83.44858913175459,85.6659348672735
2023-08-31,84.11383235659021,84.33940676895229,86.06308716471524
2023-09-01,84.92687837144035,85.6782313445291,86.18988270377166
2023-09-04,87.29238212410829,85.69569615156031,88.04266431567736
2023-09-05,86.41185309874646,84.2908808511926,87.13039815203435
2023-09-06,87.1715168712057,85.2128760402918,88.86466876934576
2023-09-07,87.7704793415067,85.14338953923752,87.78238209305822
2023-09-08,88.20411768367316,84.37680496703466,87.39152984748434
2023-09-11,88.47573331970663,85.5311838761626,86.24147760055527
2023-09-12,87.30125943916002,86.63600339026482,87.0173256297879
